id,candidate,class,indications,targets,evidence,risk_signal,novelty
DM-001,Candidate Alpha,kinase inhibitor,inflammation; autoimmune; kinase,JAK1;JAK2,0.82,0.18,0.71
DM-002,Candidate Beta,enzyme inhibitor,metabolic; inflammation,AMPK;PDE4,0.74,0.24,0.66
DM-003,Candidate Gamma,receptor modulator,neuro; inflammation,NR1;HTR2A,0.69,0.31,0.58
DM-004,Candidate Delta,protease inhibitor,viral; inflammation,PRT1;PRT2,0.77,0.21,0.73
DM-005,Candidate Epsilon,transporter modulator,metabolic; cardiovascular,SLC1;SLC2,0.63,0.36,0.55
DM-006,Candidate Zeta,kinase inhibitor,oncology; inflammation,EGFR;JAK1,0.86,0.16,0.79
DM-007,Candidate Eta,enzyme inhibitor,neuro; metabolic,MAO-A;AMPK,0.67,0.29,0.61
DM-008,Candidate Theta,receptor modulator,cardiovascular; inflammation,ADRB1;HTR2A,0.72,0.26,0.64
DM-009,Candidate Iota,protease inhibitor,viral; oncology,PRT2;CASP1,0.81,0.2,0.7
DM-010,Candidate Kappa,enzyme inhibitor,metabolic; oncology,AMPK;TYK2,0.75,0.23,0.68
